review_id,product_id,customer_id,rating,review_text,review_date
1,11,20,1,Democrat send individual try rest box success development shake surface out.,2025-11-13
2,36,2,3,Of seat score when while we grow it such tax drug low.,2025-06-24
3,2,30,1,Institution authority degree will significant attorney skill bar Republican represent instead.,2025-04-29
4,12,63,3,Gas if company edge although discover across piece system cup expert perhaps play.,2025-06-23
5,14,12,4,Claim wonder election impact ability movie certainly father wish me.,2025-03-29
6,4,42,4,Himself social what administration citizen yourself attack herself black rule tree fear.,2025-06-30
7,44,51,4,Fill offer scene keep field walk political itself particular rather space point road center.,2025-04-27
8,16,14,4,Production approach expert attention buy until record little laugh let positive.,2025-01-24
9,5,88,2,Over health practice day reach ten range too.,2024-12-16
10,33,27,1,Strategy many adult president environment idea daughter without himself the.,2025-05-04
11,50,68,3,Morning election total her its film trip.,2025-09-23
12,38,66,5,Future seek early message level same get lose raise.,2025-08-07
13,48,57,1,Address maybe husband phone fact church early control.,2025-08-09
14,43,15,1,Everybody decade possible direction action bad he prepare detail now loss address several score.,2025-07-11
15,11,49,3,Good hot black significant federal believe man fall.,2025-03-02
16,45,31,3,Feel decide choice situation program agent public speak goal forward deal well five throughout majority.,2025-10-30
17,18,3,1,Near exactly risk year receive run big writer and game smile.,2025-10-03
18,10,50,4,About east art produce business card while exist compare seat administration campaign book around leave.,2025-01-13
19,7,20,1,Final people its reduce quality various executive section rest.,2025-04-26
20,3,80,1,Other usually nice create game relationship large step knowledge view once fear Republican.,2025-10-26
21,43,65,4,Set act information sometimes call scientist own kitchen authority democratic weight military.,2025-10-02
22,30,47,5,Worker bad live future probably phone offer.,2025-11-10
23,49,38,2,Recent rock help whatever response nearly attack success join pattern ever.,2025-01-18
24,36,8,2,Long if may nation key sell clear.,2025-10-31
25,28,67,2,Almost keep old pressure either table build area view beyond media build able room.,2025-06-19
26,11,13,3,Manage take someone Republican nearly discover pass source provide run around similar one thing all.,2025-04-05
27,6,23,4,Want million put computer pattern statement sort computer value here these.,2025-01-02
28,9,61,2,Last thought rise significant mind practice maybe only we conference industry song many.,2025-03-07
29,17,7,3,Anything bank commercial six past new between available about cell agent radio Republican reason management buy.,2025-02-23
30,13,30,1,Window response so among drop cover sea card indicate since care society.,2025-03-23
31,41,2,3,Capital security work cold music physical require between second.,2025-09-15
32,28,43,2,Commercial real sure forget form air rich case ago paper enough if pattern.,2025-10-29
33,30,60,1,Right someone second wrong cold project challenge like.,2024-12-25
34,33,20,2,Dark evidence tax thus thing more apply modern wrong.,2025-09-12
35,4,73,5,Relationship both certain success imagine present have rise hour significant Mrs upon.,2025-01-16
36,14,26,4,Contain necessary we concern wrong prepare serve for.,2025-10-20
37,40,42,1,So whatever clearly produce second far which set exist event ready seek it one.,2025-03-28
38,47,50,3,Sister watch same beyond foot officer note grow movement reality leader.,2025-07-02
39,37,54,3,Range look simply official explain kind election put.,2025-02-15
40,50,75,2,Offer information evidence short someone might whom.,2025-03-26
41,50,4,1,Fine interview nice size interest go sense art listen not behind Democrat.,2025-02-01
42,19,78,5,Apply role single third someone bad likely let stock.,2024-12-30
43,25,99,1,Trade position sort medical him mother law detail never I sense although few.,2025-08-23
44,19,52,5,Group feel under discussion dog never field administration parent huge year first.,2025-09-02
45,4,2,5,Improve cup important audience protect add assume million own law morning call I less walk western.,2025-02-12
46,14,27,1,Road let deal former change difference middle mind soldier.,2024-12-22
47,30,93,2,Lay business hot action view beautiful summer away face usually season rock sing million agent.,2024-12-03
48,16,97,3,Itself just particular would better expect dream use significant.,2025-03-18
49,5,15,3,Meeting sing six person Democrat certain various return recently speech cold control animal myself statement.,2025-03-19
50,13,62,3,Suffer finish fish office enter society watch rock.,2024-12-27
51,45,53,3,White federal my outside president minute require add pretty stay political he.,2025-07-05
52,33,72,2,Least dog among what level product development believe doctor state memory enter charge.,2025-01-04
53,47,90,2,Discuss environment rest theory describe wear decide draw reveal.,2025-05-03
54,5,91,2,Travel fact Democrat agency task travel director check these police bill upon.,2025-07-04
55,37,63,1,Husband Mrs region value day suffer bar.,2025-03-29
56,28,65,2,According power focus action outside main debate music similar shake sound someone major yet.,2025-07-14
57,36,29,5,Article project him oil create future join art campaign home.,2024-11-24
58,47,61,2,Mind camera attorney somebody office senior I middle have cut light.,2025-07-26
59,40,66,4,Wall others government specific strong door training wear simply others across seven she.,2025-06-18
60,2,33,1,Large free key on account skill meet take little cut view beyond vote artist.,2025-05-14
61,16,88,5,Represent item television protect wind blood about station most simply color meet another exist century get.,2025-07-21
62,20,41,4,Support full necessary upon those show start course parent charge statement modern region.,2025-03-17
63,38,99,3,Bed affect American true forget nor new drive someone central cost finish room modern set.,2025-03-28
64,30,84,3,Risk call rate air center international front fire could like actually parent interesting consumer.,2025-07-28
65,1,20,2,Prepare child term cultural say both six allow my church seat place practice reason expert.,2025-01-28
66,26,81,3,Hard glass box performance knowledge site where poor oil available have at adult deal travel step.,2025-04-07
67,41,7,2,Light only full plan change memory benefit before during behavior government where.,2025-10-17
68,38,18,3,Face scientist sell fine behind third agent bad that wait officer.,2025-07-18
69,39,49,3,Style concern line discover be final fine he approach ask threat fight write floor.,2024-12-15
70,45,99,3,Worry effort record environmental mouth ago throw all detail.,2025-03-06
71,31,49,4,Base per board strategy recently more similar play once.,2024-12-11
72,43,4,1,Knowledge various clear whether money suddenly whole enough economy team trial doctor professional report together.,2025-08-29
73,48,82,1,Eye pattern age happen energy dream recent lay result hit program source know smile trouble study.,2025-02-20
74,25,2,4,Eat security may fund receive common create important.,2025-09-01
75,28,13,4,Tv feel animal perform manager many language ball program.,2025-07-29
